{
  "_pooled": {
    "a": 0.0,
    "b": 0.11591283866032394,
    "c": 0.00037698248164383386,
    "n": 24500
  },
  "BetMGM": {
    "a": 0.0,
    "b": 0.12205101284827562,
    "c": 0.0003611805447044092,
    "n": 2544,
    "lambda": 29.4811320754717
  },
  "BetOnline.ag": {
    "a": 0.0,
    "b": 0.08366526139593262,
    "c": 0.00039350082524176877,
    "n": 1882,
    "lambda": 39.851222104144526
  },
  "BetRivers": {
    "a": 0.0,
    "b": 0.06056513150904681,
    "c": 0.0006241362644944237,
    "n": 1736,
    "lambda": 43.20276497695853
  },
  "Bovada": {
    "a": 2.425819943904027,
    "b": 0.03548212750350464,
    "c": 0.0005654316135821694,
    "n": 5104,
    "lambda": 14.694357366771161
  },
  "Caesars": {
    "a": 0.0,
    "b": 0.05815828023381642,
    "c": 0.0006756847128142479,
    "n": 1458,
    "lambda": 51.440329218106996
  },
  "DraftKings": {
    "a": 0.0,
    "b": 0.07999170083484047,
    "c": 0.00046053314615475405,
    "n": 2262,
    "lambda": 33.15649867374005
  },
  "ESPN BET": {
    "a": 0.0,
    "b": 0.13897717154746644,
    "c": 0.0004643140724399919,
    "n": 1214,
    "lambda": 61.779242174629324
  },
  "FanDuel": {
    "a": 0.0,
    "b": 0.06777249916823319,
    "c": 0.0005408369825089104,
    "n": 1852,
    "lambda": 40.49676025917927
  },
  "Fanatics": {
    "a": 0.441154840010914,
    "b": 0.012837814748731443,
    "c": 0.0009398779385092586,
    "n": 2392,
    "lambda": 31.354515050167223
  },
  "Fliff": {
    "a": 0.0,
    "b": 0.10175711355264629,
    "c": 0.0005452253023951331,
    "n": 1154,
    "lambda": 64.99133448873484
  },
  "Hard Rock Bet": {
    "a": 0.0,
    "b": 0.007246202960190434,
    "c": 0.0010152945840445184,
    "n": 940,
    "lambda": 79.7872340425532
  },
  "ReBet": {
    "a": 0.0,
    "b": 0.08128497481124972,
    "c": 0.0008467620181973196,
    "n": 630,
    "lambda": 119.04761904761904
  },
  "betPARX": {
    "a": 0.0,
    "b": 0.07948394767055862,
    "c": 0.000491109456567343,
    "n": 1332,
    "lambda": 56.306306306306304
  }
}